{
  "ident": "(2164d6a3-d058-3632-9c13-ff2b4a7698db|Player728)",
  "lastTeleportOrigin": {
    "dim": 106,
    "pitch": 5.9998856,
    "yaw": 29.705688,
    "xd": 5.7003994190252865,
    "yd": 10.0,
    "zd": 2.465715740472972
  },
  "lastDeathLocation": {
    "dim": 106,
    "pitch": 5.9998856,
    "yaw": 29.705688,
    "xd": 5.7003994190252865,
    "yd": 10.0,
    "zd": 2.465715740472972
  },
  "lastTeleportTime": 0,
  "selDim": 0,
  "inventoryGroups": {},
  "activeInventoryGroup": "default",
  "timePlayed": 0,
  "firstLogin": "Jul 17, 2019 1:50:23 PM",
  "lastLogin": "Jul 17, 2019 1:50:23 PM",
  "namedTimeout": {}
}