{
  "ident": "(ba25db16-299f-3ae9-adf4-505df8532915|Player966)",
  "lastTeleportOrigin": {
    "dim": 106,
    "pitch": 5.099889,
    "yaw": 359.55685,
    "xd": 0.15538218165804907,
    "yd": 10.0,
    "zd": -1.4188565067195764
  },
  "lastDeathLocation": {
    "dim": 106,
    "pitch": 5.099889,
    "yaw": 359.55685,
    "xd": 0.15538218165804907,
    "yd": 10.0,
    "zd": -1.4188565067195764
  },
  "lastTeleportTime": 0,
  "selDim": 0,
  "inventoryGroups": {},
  "activeInventoryGroup": "default",
  "timePlayed": 0,
  "firstLogin": "Jul 12, 2019 11:43:01 AM",
  "lastLogin": "Jul 12, 2019 11:43:01 AM",
  "namedTimeout": {}
}