{
  "ident": "(e4e5b30f-b972-382c-b5e5-86c2e785a8a6|Player959)",
  "lastTeleportOrigin": {
    "dim": 106,
    "pitch": 27.44997,
    "yaw": -29.099228,
    "xd": -0.4876644916053796,
    "yd": 10.0,
    "zd": -1.407525520697599
  },
  "lastDeathLocation": {
    "dim": 106,
    "pitch": 27.44997,
    "yaw": -29.099228,
    "xd": -0.4876644916053796,
    "yd": 10.0,
    "zd": -1.407525520697599
  },
  "lastTeleportTime": 0,
  "selDim": 0,
  "inventoryGroups": {},
  "activeInventoryGroup": "default",
  "timePlayed": 0,
  "firstLogin": "Jun 20, 2019 1:33:11 PM",
  "lastLogin": "Jul 17, 2019 6:35:08 PM",
  "namedTimeout": {}
}