{
  "ident": "(324bf773-41c1-3c88-8191-03f2982049b1|Player457)",
  "lastTeleportOrigin": {
    "dim": 106,
    "pitch": 17.250023,
    "yaw": -7.9490604,
    "xd": -2.9456990758946002,
    "yd": 10.0,
    "zd": -0.40687423393386596
  },
  "lastDeathLocation": {
    "dim": 106,
    "pitch": 17.250023,
    "yaw": -7.9490604,
    "xd": -2.9456990758946002,
    "yd": 10.0,
    "zd": -0.40687423393386596
  },
  "lastTeleportTime": 0,
  "selDim": 0,
  "inventoryGroups": {},
  "activeInventoryGroup": "default",
  "timePlayed": 0,
  "firstLogin": "Jun 20, 2019 1:33:11 PM",
  "lastLogin": "Jul 16, 2019 1:30:04 PM",
  "namedTimeout": {}
}