{
  "ident": "(3f66a67c-db6c-36b7-b762-d7a40c17883b|Player734)",
  "lastTeleportOrigin": {
    "dim": 106,
    "pitch": 14.699991,
    "yaw": -220.7998,
    "xd": 2.4026298382461384,
    "yd": 10.0,
    "zd": 2.237548267241017
  },
  "lastDeathLocation": {
    "dim": 106,
    "pitch": 14.699991,
    "yaw": -220.7998,
    "xd": 2.4026298382461384,
    "yd": 10.0,
    "zd": 2.237548267241017
  },
  "lastTeleportTime": 0,
  "selDim": 0,
  "inventoryGroups": {},
  "activeInventoryGroup": "default",
  "timePlayed": 0,
  "firstLogin": "Jul 15, 2019 3:20:06 PM",
  "lastLogin": "Jul 15, 2019 3:20:06 PM",
  "namedTimeout": {}
}