{
  "ident": "(6db1171d-4fa6-31cb-b425-1896281a26e2|Player308)",
  "lastTeleportOrigin": {
    "dim": 106,
    "pitch": 12.300057,
    "yaw": -149.24075,
    "xd": 0.7300640661812697,
    "yd": 10.0,
    "zd": -4.269268037591061
  },
  "lastTeleportTime": 1564001666809,
  "selDim": 0,
  "inventoryGroups": {},
  "activeInventoryGroup": "default",
  "timePlayed": 0,
  "firstLogin": "Jul 24, 2019 1:54:16 PM",
  "lastLogin": "Jul 24, 2019 1:54:16 PM",
  "namedTimeout": {}
}