{
  "ident": "(7eabe93c-dd7d-38e8-9271-2dd9ed4d2fa5|Player782)",
  "lastTeleportOrigin": {
    "dim": 106,
    "pitch": 14.9999895,
    "yaw": -103.64957,
    "xd": 4.478578949107259,
    "yd": 10.0,
    "zd": -19.88134065051109
  },
  "lastDeathLocation": {
    "dim": 106,
    "pitch": 14.9999895,
    "yaw": -103.64957,
    "xd": 4.478578949107259,
    "yd": 10.0,
    "zd": -19.88134065051109
  },
  "lastTeleportTime": 0,
  "selDim": 0,
  "inventoryGroups": {},
  "activeInventoryGroup": "default",
  "timePlayed": 0,
  "firstLogin": "Jul 17, 2019 6:47:24 PM",
  "lastLogin": "Jul 17, 2019 6:47:24 PM",
  "namedTimeout": {}
}