{
  "ident": "(905847c0-6737-32d8-85e6-3f64ecd32033|Player515)",
  "lastTeleportOrigin": {
    "dim": 106,
    "pitch": 7.0500007,
    "yaw": -167.3999,
    "xd": 1.7414759275569471,
    "yd": 10.0,
    "zd": -3.829340970695478
  },
  "lastDeathLocation": {
    "dim": 106,
    "pitch": 7.0500007,
    "yaw": -167.3999,
    "xd": 1.7414759275569471,
    "yd": 10.0,
    "zd": -3.829340970695478
  },
  "lastTeleportTime": 0,
  "selDim": 0,
  "inventoryGroups": {},
  "activeInventoryGroup": "default",
  "timePlayed": 0,
  "firstLogin": "Jul 12, 2019 1:32:37 PM",
  "lastLogin": "Jul 24, 2019 1:20:25 PM",
  "namedTimeout": {}
}